id,order_id,product_id,quantity,unit_price,line_total
1,1,176,2,639.67,1279.34
2,2,309,0,0.0,0.0
3,3,399,3,25.21,75.63
4,4,114,1,144.88,144.88
5,5,243,0,0.0,0.0
6,6,84,1,84.82,84.82
7,7,418,2,265.15,530.3
8,8,481,3,7.94,23.82
9,9,219,2,101.36,202.72
10,10,32,0,0.0,0.0
11,11,163,3,49.05,147.15
12,12,480,3,72.32,216.96
13,13,42,2,73.41,146.82
14,14,50,0,0.0,0.0
15,15,7,3,29.69,89.07
16,16,121,3,21.45,64.35
17,17,302,3,112.63,337.89
18,18,54,3,212.91,638.73
19,19,65,3,304.24,912.72
20,20,435,2,263.09,526.18
21,21,158,0,0.0,0.0
22,22,21,0,0.0,0.0
23,23,176,1,639.67,639.67
24,24,64,1,64.05,64.05
25,25,396,0,0.0,0.0
26,26,114,1,144.88,144.88
27,27,14,1,923.33,923.33
28,28,149,0,0.0,0.0
29,29,438,2,61.15,122.3
30,30,327,2,273.13,546.26
31,31,237,0,0.0,0.0
32,32,17,2,92.32,184.64
33,33,46,2,144.0,288.0
34,34,487,3,64.81,194.43
35,35,262,2,129.83,259.66
36,36,190,0,0.0,0.0
37,37,34,3,49.87,149.61
38,38,273,2,136.05,272.1
39,39,191,3,352.26,1056.78
40,40,85,2,447.44,894.88
41,41,389,0,0.0,0.0
42,42,470,0,0.0,0.0
43,43,361,2,72.44,144.88
44,44,84,1,84.82,84.82
45,45,45,0,0.0,0.0
46,46,452,2,311.44,622.88
47,47,416,0,0.0,0.0
48,48,410,1,121.83,121.83
49,49,67,2,16.73,33.46
50,50,16,0,0.0,0.0
51,51,457,1,70.4,70.4
52,52,366,2,1015.39,2030.78
53,53,355,0,0.0,0.0
54,54,277,3,202.15,606.45
55,55,46,0,0.0,0.0
56,56,54,3,212.91,638.73
57,57,466,3,68.61,205.83
58,58,409,1,222.26,222.26
59,59,173,3,15.27,45.81
60,60,415,2,459.41,918.82
61,61,463,1,612.3,612.3
62,62,105,3,292.28,876.84
63,63,340,2,167.49,334.98
64,64,470,1,39.31,39.31
65,65,35,2,93.88,187.76
66,66,219,2,101.36,202.72
67,67,14,1,923.33,923.33
68,68,190,3,194.58,583.74
69,69,336,2,94.58,189.16
70,70,221,0,0.0,0.0
71,71,498,3,67.99,203.97
72,72,471,2,970.12,1940.24
73,73,218,3,395.47,1186.41
74,74,333,1,25.48,25.48
75,75,470,3,39.31,117.93
76,76,77,1,90.07,90.07
77,77,121,3,21.45,64.35
78,78,255,1,40.99,40.99
79,79,17,2,92.32,184.64
80,80,62,3,51.85,155.55
81,81,375,2,46.29,92.58
82,82,288,1,129.69,129.69
83,83,429,1,206.8,206.8
84,84,320,0,0.0,0.0
85,85,273,0,0.0,0.0
86,86,473,1,24.66,24.66
87,87,150,3,97.52,292.56
88,88,29,3,165.82,497.46
89,89,232,1,75.39,75.39
90,90,137,1,34.26,34.26
91,91,120,2,339.05,678.1
92,92,120,1,339.05,339.05
93,93,438,2,61.15,122.3
94,94,186,3,87.11,261.33
95,95,427,2,343.81,687.62
96,96,160,2,17.19,34.38
97,97,481,0,0.0,0.0
98,98,383,3,400.12,1200.36
99,99,382,3,22.02,66.06
100,100,304,0,0.0,0.0
101,101,107,3,286.15,858.45
102,102,478,3,68.67,206.01
103,103,94,1,406.95,406.95
104,104,258,2,83.53,167.06
105,105,331,3,231.79,695.37
106,106,4,3,449.19,1347.57
107,107,272,1,156.5,156.5
108,108,79,3,370.49,1111.47
109,109,465,0,0.0,0.0
110,110,485,2,413.49,826.98
111,111,498,3,67.99,203.97
112,112,459,3,57.88,173.64
113,113,79,3,370.49,1111.47
114,114,206,3,56.81,170.43
115,115,186,3,87.11,261.33
116,116,150,2,97.52,195.04
117,117,173,1,15.27,15.27
118,118,118,3,106.31,318.93
119,119,422,1,437.54,437.54
120,120,487,3,64.81,194.43
121,121,232,0,0.0,0.0
122,122,429,0,0.0,0.0
123,123,15,1,18.28,18.28
124,124,171,3,44.82,134.46
125,125,471,1,970.12,970.12
126,126,427,1,343.81,343.81
127,127,236,2,212.5,425.0
128,128,298,3,11.32,33.96
129,129,496,1,20.04,20.04
130,130,302,0,0.0,0.0
131,131,390,2,94.27,188.54
132,132,109,2,206.61,413.22
133,133,479,3,119.25,357.75
134,134,460,0,0.0,0.0
135,135,352,1,114.78,114.78
136,136,81,1,111.66,111.66
137,137,293,1,75.78,75.78
138,138,19,2,492.7,985.4
139,139,382,1,22.02,22.02
140,140,226,2,78.59,157.18
141,141,241,2,97.05,194.1
142,142,286,0,0.0,0.0
143,143,171,2,44.82,89.64
144,144,232,2,75.39,150.78
145,145,285,2,40.19,80.38
146,146,405,2,431.5,863.0
147,147,391,2,72.09,144.18
148,148,57,0,0.0,0.0
149,149,216,0,0.0,0.0
150,150,128,2,767.62,1535.24
151,151,421,1,58.96,58.96
152,152,73,1,86.75,86.75
153,153,219,1,101.36,101.36
154,154,61,2,62.6,125.2
155,155,184,2,119.22,238.44
156,156,485,0,0.0,0.0
157,157,93,3,112.27,336.81
158,158,243,0,0.0,0.0
159,159,265,2,335.09,670.18
160,160,22,0,0.0,0.0
161,161,69,2,695.07,1390.14
162,162,198,3,33.12,99.36
163,163,164,1,109.28,109.28
164,164,282,1,141.23,141.23
165,165,63,3,40.21,120.63
166,166,426,2,70.68,141.36
167,167,139,0,0.0,0.0
168,168,438,1,61.15,61.15
169,169,204,2,408.19,816.38
170,170,99,3,97.74,293.22
171,171,64,3,64.05,192.15
172,172,171,3,44.82,134.46
173,173,119,3,236.5,709.5
174,174,209,0,0.0,0.0
175,175,486,1,446.9,446.9
176,176,44,2,161.91,323.82
177,177,296,2,456.43,912.86
178,178,67,1,16.73,16.73
179,179,168,2,129.32,258.64
180,180,500,1,192.81,192.81
181,181,470,0,0.0,0.0
182,182,110,2,36.58,73.16
183,183,45,1,78.77,78.77
184,184,285,0,0.0,0.0
185,185,336,1,94.58,94.58
186,186,219,3,101.36,304.08
187,187,411,1,443.98,443.98
188,188,429,0,0.0,0.0
189,189,184,2,119.22,238.44
190,190,187,3,105.56,316.68
191,191,349,2,157.39,314.78
192,192,209,2,22.78,45.56
193,193,496,2,20.04,40.08
194,194,97,0,0.0,0.0
195,195,407,0,0.0,0.0
196,196,218,0,0.0,0.0
197,197,276,1,381.94,381.94
198,198,209,3,22.78,68.34
199,199,414,2,201.37,402.74
200,200,464,1,105.45,105.45
201,201,275,2,91.1,182.2
202,202,52,0,0.0,0.0
203,203,146,1,81.94,81.94
204,204,110,2,36.58,73.16
205,205,479,3,119.25,357.75
206,206,149,3,26.74,80.22
207,207,378,2,507.14,1014.28
208,208,153,2,274.57,549.14
209,209,463,3,612.3,1836.9
210,210,196,3,610.03,1830.09
211,211,226,0,0.0,0.0
212,212,432,2,130.65,261.3
213,213,17,1,92.32,92.32
214,214,128,0,0.0,0.0
215,215,5,1,128.9,128.9
216,216,54,3,212.91,638.73
217,217,227,3,185.48,556.44
218,218,77,1,90.07,90.07
219,219,274,0,0.0,0.0
220,220,426,0,0.0,0.0
221,221,83,1,237.58,237.58
222,222,288,2,129.69,259.38
223,223,438,3,61.15,183.45
224,224,260,0,0.0,0.0
225,225,495,2,44.79,89.58
226,226,378,1,507.14,507.14
227,227,380,1,358.71,358.71
228,228,360,3,352.08,1056.24
229,229,421,2,58.96,117.92
230,230,408,1,520.48,520.48
231,231,214,0,0.0,0.0
232,232,437,3,152.97,458.91
233,233,128,3,767.62,2302.86
234,234,203,0,0.0,0.0
235,235,363,0,0.0,0.0
236,236,431,1,62.65,62.65
237,237,321,2,33.65,67.3
238,238,458,3,328.21,984.63
239,239,350,0,0.0,0.0
240,240,248,1,179.61,179.61
241,241,433,3,1107.73,3323.19
242,242,108,2,60.73,121.46
243,243,18,0,0.0,0.0
244,244,428,3,190.45,571.35
245,245,333,0,0.0,0.0
246,246,317,1,116.6,116.6
247,247,223,3,107.35,322.05
248,248,495,2,44.79,89.58
249,249,19,3,492.7,1478.1
250,250,65,0,0.0,0.0
251,251,42,1,73.41,73.41
252,252,226,3,78.59,235.77
253,253,433,2,1107.73,2215.46
254,254,468,1,289.32,289.32
255,255,133,2,196.23,392.46
256,256,446,3,80.45,241.35
257,257,348,2,13.09,26.18
258,258,309,2,57.09,114.18
259,259,105,3,292.28,876.84
260,260,261,2,75.65,151.3
261,261,20,1,108.22,108.22
262,262,380,2,358.71,717.42
263,263,96,0,0.0,0.0
264,264,443,0,0.0,0.0
265,265,269,3,902.76,2708.28
266,266,183,3,12.55,37.65
267,267,365,0,0.0,0.0
268,268,319,0,0.0,0.0
269,269,185,0,0.0,0.0
270,270,478,3,68.67,206.01
271,271,70,2,250.42,500.84
272,272,444,1,304.44,304.44
273,273,328,0,0.0,0.0
274,274,196,2,610.03,1220.06
275,275,155,0,0.0,0.0
276,276,340,3,167.49,502.47
277,277,213,2,21.38,42.76
278,278,318,2,152.61,305.22
279,279,160,1,17.19,17.19
280,280,457,1,70.4,70.4
281,281,407,3,33.74,101.22
282,282,262,3,129.83,389.49
283,283,384,2,1027.21,2054.42
284,284,462,2,122.25,244.5
285,285,73,2,86.75,173.5
286,286,189,1,101.51,101.51
287,287,276,1,381.94,381.94
288,288,8,1,661.09,661.09
289,289,228,3,64.2,192.6
290,290,485,3,413.49,1240.47
291,291,472,1,476.19,476.19
292,292,358,2,268.21,536.42
293,293,113,0,0.0,0.0
294,294,148,2,30.19,60.38
295,295,255,3,40.99,122.97
296,296,366,0,0.0,0.0
297,297,429,2,206.8,413.6
298,298,383,2,400.12,800.24
299,299,323,1,129.74,129.74
300,300,129,2,512.47,1024.94
301,301,372,0,0.0,0.0
302,302,67,2,16.73,33.46
303,303,391,1,72.09,72.09
304,304,304,1,29.99,29.99
305,305,451,1,120.74,120.74
306,306,233,2,40.88,81.76
307,307,496,0,0.0,0.0
308,308,402,0,0.0,0.0
309,309,283,3,160.76,482.28
310,310,269,3,902.76,2708.28
311,311,53,3,465.94,1397.82
312,312,376,0,0.0,0.0
313,313,466,0,0.0,0.0
314,314,27,1,344.33,344.33
315,315,53,0,0.0,0.0
316,316,244,0,0.0,0.0
317,317,8,2,661.09,1322.18
318,318,306,1,458.92,458.92
319,319,71,3,143.64,430.92
320,320,391,3,72.09,216.27
321,321,155,3,102.7,308.1
322,322,362,2,319.48,638.96
323,323,247,2,74.47,148.94
324,324,45,3,78.77,236.31
325,325,406,0,0.0,0.0
326,326,132,1,298.43,298.43
327,327,468,2,289.32,578.64
328,328,477,3,478.66,1435.98
329,329,164,3,109.28,327.84
330,330,154,0,0.0,0.0
331,331,53,0,0.0,0.0
332,332,384,2,1027.21,2054.42
333,333,96,3,359.18,1077.54
334,334,388,0,0.0,0.0
335,335,486,3,446.9,1340.7
336,336,464,1,105.45,105.45
337,337,172,0,0.0,0.0
338,338,392,2,151.2,302.4
339,339,425,1,580.96,580.96
340,340,432,3,130.65,391.95
341,341,112,3,143.25,429.75
342,342,119,2,236.5,473.0
343,343,93,0,0.0,0.0
344,344,372,3,907.59,2722.77
345,345,443,2,146.73,293.46
346,346,392,2,151.2,302.4
347,347,470,2,39.31,78.62
348,348,364,2,91.17,182.34
349,349,317,0,0.0,0.0
350,350,306,1,458.92,458.92
351,351,364,1,91.17,91.17
352,352,29,1,165.82,165.82
353,353,228,2,64.2,128.4
354,354,208,2,185.42,370.84
355,355,353,2,120.91,241.82
356,356,391,2,72.09,144.18
357,357,56,0,0.0,0.0
358,358,453,1,321.78,321.78
359,359,188,3,1128.42,3385.26
360,360,308,1,42.93,42.93
361,361,482,0,0.0,0.0
362,362,401,3,129.52,388.56
363,363,40,3,56.44,169.32
364,364,473,2,24.66,49.32
365,365,22,3,54.02,162.06
366,366,485,3,413.49,1240.47
367,367,433,3,1107.73,3323.19
368,368,152,0,0.0,0.0
369,369,44,3,161.91,485.73
370,370,2,2,22.34,44.68
371,371,399,3,25.21,75.63
372,372,68,1,16.19,16.19
373,373,229,1,364.35,364.35
374,374,45,2,78.77,157.54
375,375,220,2,334.16,668.32
376,376,140,2,155.75,311.5
377,377,391,3,72.09,216.27
378,378,48,0,0.0,0.0
379,379,59,3,28.41,85.23
380,380,468,3,289.32,867.96
381,381,133,1,196.23,196.23
382,382,417,3,456.77,1370.31
383,383,252,2,71.82,143.64
384,384,438,2,61.15,122.3
385,385,96,3,359.18,1077.54
386,386,421,2,58.96,117.92
387,387,477,2,478.66,957.32
388,388,118,3,106.31,318.93
389,389,445,3,733.51,2200.53
390,390,285,3,40.19,120.57
391,391,469,3,423.65,1270.95
392,392,420,2,68.52,137.04
393,393,390,1,94.27,94.27
394,394,133,2,196.23,392.46
395,395,396,3,314.25,942.75
396,396,266,2,292.32,584.64
397,397,308,3,42.93,128.79
398,398,459,3,57.88,173.64
399,399,273,2,136.05,272.1
400,400,4,1,449.19,449.19
401,401,259,3,359.8,1079.4
402,402,308,0,0.0,0.0
403,403,484,1,69.46,69.46
404,404,350,1,160.3,160.3
405,405,188,1,1128.42,1128.42
406,406,96,0,0.0,0.0
407,407,185,0,0.0,0.0
408,408,55,1,137.52,137.52
409,409,51,3,279.52,838.56
410,410,399,3,25.21,75.63
411,411,454,1,102.1,102.1
412,412,303,1,403.48,403.48
413,413,415,1,459.41,459.41
414,414,222,2,23.17,46.34
415,415,316,3,179.11,537.33
416,416,35,3,93.88,281.64
417,417,225,3,64.92,194.76
418,418,222,2,23.17,46.34
419,419,399,0,0.0,0.0
420,420,12,1,53.87,53.87
421,421,298,0,0.0,0.0
422,422,237,2,146.53,293.06
423,423,497,3,230.7,692.1
424,424,461,1,170.95,170.95
425,425,303,1,403.48,403.48
426,426,454,3,102.1,306.3
427,427,358,2,268.21,536.42
428,428,254,1,139.94,139.94
429,429,225,2,64.92,129.84
430,430,221,3,72.56,217.68
431,431,292,1,187.14,187.14
432,432,62,3,51.85,155.55
433,433,1,1,17.46,17.46
434,434,105,3,292.28,876.84
435,435,409,0,0.0,0.0
436,436,260,1,309.69,309.69
437,437,455,0,0.0,0.0
438,438,416,3,113.34,340.02
439,439,327,1,273.13,273.13
440,440,245,1,42.27,42.27
441,441,444,1,304.44,304.44
442,442,269,0,0.0,0.0
443,443,287,1,146.4,146.4
444,444,291,3,111.04,333.12
445,445,282,3,141.23,423.69
446,446,229,3,364.35,1093.05
447,447,387,2,481.5,963.0
448,448,413,3,590.03,1770.09
449,449,125,0,0.0,0.0
450,450,91,1,347.78,347.78
451,451,275,0,0.0,0.0
452,452,438,3,61.15,183.45
453,453,20,3,108.22,324.66
454,454,485,3,413.49,1240.47
455,455,130,0,0.0,0.0
456,456,149,0,0.0,0.0
457,457,278,0,0.0,0.0
458,458,148,0,0.0,0.0
459,459,328,1,112.13,112.13
460,460,371,3,71.44,214.32
461,461,381,2,568.03,1136.06
462,462,271,3,222.83,668.49
463,463,166,3,502.2,1506.6
464,464,242,2,360.06,720.12
465,465,377,1,25.48,25.48
466,466,342,0,0.0,0.0
467,467,225,2,64.92,129.84
468,468,35,2,93.88,187.76
469,469,437,2,152.97,305.94
470,470,371,2,71.44,142.88
471,471,444,2,304.44,608.88
472,472,217,2,96.49,192.98
473,473,243,1,196.31,196.31
474,474,235,2,264.14,528.28
475,475,217,2,96.49,192.98
476,476,373,2,145.97,291.94
477,477,52,3,14.27,42.81
478,478,281,1,1152.77,1152.77
479,479,277,1,202.15,202.15
480,480,245,3,42.27,126.81
481,481,148,0,0.0,0.0
482,482,275,0,0.0,0.0
483,483,263,3,273.09,819.27
484,484,194,1,55.86,55.86
485,485,469,1,423.65,423.65
486,486,108,2,60.73,121.46
487,487,184,1,119.22,119.22
488,488,415,1,459.41,459.41
489,489,36,1,597.06,597.06
490,490,240,0,0.0,0.0
491,491,99,0,0.0,0.0
492,492,218,3,395.47,1186.41
493,493,125,0,0.0,0.0
494,494,34,1,49.87,49.87
495,495,71,3,143.64,430.92
496,496,214,3,28.9,86.7
497,497,493,2,284.68,569.36
498,498,190,1,194.58,194.58
499,499,205,0,0.0,0.0
500,500,243,1,196.31,196.31
501,501,133,1,196.23,196.23
502,502,340,3,167.49,502.47
503,503,417,1,456.77,456.77
504,504,255,2,40.99,81.98
505,505,426,1,70.68,70.68
506,506,403,2,1013.84,2027.68
507,507,126,2,891.85,1783.7
508,508,51,2,279.52,559.04
509,509,283,2,160.76,321.52
510,510,82,3,49.07,147.21
511,511,83,0,0.0,0.0
512,512,149,0,0.0,0.0
513,513,257,2,29.24,58.48
514,514,409,2,222.26,444.52
515,515,203,1,391.72,391.72
516,516,71,2,143.64,287.28
517,517,389,3,274.83,824.49
518,518,111,0,0.0,0.0
519,519,265,3,335.09,1005.27
520,520,318,3,152.61,457.83
521,521,15,1,18.28,18.28
522,522,395,0,0.0,0.0
523,523,437,2,152.97,305.94
524,524,460,1,172.13,172.13
525,525,219,0,0.0,0.0
526,526,397,2,34.05,68.1
527,527,331,1,231.79,231.79
528,528,108,1,60.73,60.73
529,529,272,0,0.0,0.0
530,530,239,1,730.1,730.1
531,531,121,2,21.45,42.9
532,532,73,0,0.0,0.0
533,533,83,3,237.58,712.74
534,534,196,3,610.03,1830.09
535,535,219,1,101.36,101.36
536,536,424,3,98.8,296.4
537,537,128,2,767.62,1535.24
538,538,78,1,16.36,16.36
539,539,274,3,50.63,151.89
540,540,98,1,161.39,161.39
541,541,186,3,87.11,261.33
542,542,115,1,359.92,359.92
543,543,21,1,510.93,510.93
544,544,443,0,0.0,0.0
545,545,127,3,179.19,537.57
546,546,260,3,309.69,929.07
547,547,384,0,0.0,0.0
548,548,392,1,151.2,151.2
549,549,5,3,128.9,386.7
550,550,381,3,568.03,1704.09
551,551,171,1,44.82,44.82
552,552,362,1,319.48,319.48
553,553,138,1,83.39,83.39
554,554,113,0,0.0,0.0
555,555,408,2,520.48,1040.96
556,556,7,2,29.69,59.38
557,557,110,0,0.0,0.0
558,558,106,1,49.91,49.91
559,559,484,1,69.46,69.46
560,560,376,0,0.0,0.0
561,561,70,3,250.42,751.26
562,562,347,0,0.0,0.0
563,563,296,3,456.43,1369.29
564,564,117,3,70.97,212.91
565,565,153,2,274.57,549.14
566,566,219,3,101.36,304.08
567,567,421,1,58.96,58.96
568,568,72,2,718.44,1436.88
569,569,357,2,467.54,935.08
570,570,486,3,446.9,1340.7
571,571,347,1,52.24,52.24
572,572,147,2,71.03,142.06
573,573,122,2,68.28,136.56
574,574,58,0,0.0,0.0
575,575,327,3,273.13,819.39
576,576,439,3,12.27,36.81
577,577,355,0,0.0,0.0
578,578,347,2,52.24,104.48
579,579,414,3,201.37,604.11
580,580,373,1,145.97,145.97
581,581,263,0,0.0,0.0
582,582,232,3,75.39,226.17
583,583,364,2,91.17,182.34
584,584,297,1,329.06,329.06
585,585,487,0,0.0,0.0
586,586,361,0,0.0,0.0
587,587,348,2,13.09,26.18
588,588,161,2,969.33,1938.66
589,589,462,3,122.25,366.75
590,590,197,2,71.01,142.02
591,591,164,3,109.28,327.84
592,592,455,3,76.69,230.07
593,593,80,1,896.48,896.48
594,594,203,2,391.72,783.44
595,595,367,3,469.33,1407.99
596,596,297,1,329.06,329.06
597,597,256,3,381.09,1143.27
598,598,369,0,0.0,0.0
599,599,87,2,361.37,722.74
600,600,158,1,657.63,657.63
601,601,177,1,192.27,192.27
602,602,392,0,0.0,0.0
603,603,81,3,111.66,334.98
604,604,451,2,120.74,241.48
605,605,110,3,36.58,109.74
606,606,332,2,121.21,242.42
607,607,288,3,129.69,389.07
608,608,200,3,79.95,239.85
609,609,113,2,126.62,253.24
610,610,398,0,0.0,0.0
611,611,74,3,15.07,45.21
612,612,306,1,458.92,458.92
613,613,352,3,114.78,344.34
614,614,22,1,54.02,54.02
615,615,332,2,121.21,242.42
616,616,341,3,302.32,906.96
617,617,258,3,83.53,250.59
618,618,371,3,71.44,214.32
619,619,471,1,970.12,970.12
620,620,373,1,145.97,145.97
621,621,48,0,0.0,0.0
622,622,382,2,22.02,44.04
623,623,14,0,0.0,0.0
624,624,131,1,203.35,203.35
625,625,55,3,137.52,412.56
626,626,281,2,1152.77,2305.54
627,627,416,3,113.34,340.02
628,628,452,0,0.0,0.0
629,629,372,2,907.59,1815.18
630,630,190,2,194.58,389.16
631,631,428,1,190.45,190.45
632,632,375,3,46.29,138.87
633,633,399,1,25.21,25.21
634,634,72,2,718.44,1436.88
635,635,7,2,29.69,59.38
636,636,240,0,0.0,0.0
637,637,239,3,730.1,2190.3
638,638,359,3,146.66,439.98
639,639,222,3,23.17,69.51
640,640,370,0,0.0,0.0
641,641,421,0,0.0,0.0
642,642,21,2,510.93,1021.86
643,643,357,2,467.54,935.08
644,644,124,2,371.07,742.14
645,645,273,2,136.05,272.1
646,646,260,1,309.69,309.69
647,647,475,2,54.39,108.78
648,648,454,3,102.1,306.3
649,649,319,3,109.44,328.32
650,650,293,2,75.78,151.56
651,651,136,1,132.36,132.36
652,652,308,3,42.93,128.79
653,653,198,3,33.12,99.36
654,654,342,0,0.0,0.0
655,655,52,3,14.27,42.81
656,656,1,1,17.46,17.46
657,657,291,2,111.04,222.08
658,658,103,2,339.01,678.02
659,659,82,2,49.07,98.14
660,660,210,1,405.98,405.98
661,661,85,1,447.44,447.44
662,662,180,0,0.0,0.0
663,663,195,3,66.84,200.52
664,664,417,2,456.77,913.54
665,665,133,3,196.23,588.69
666,666,243,2,196.31,392.62
667,667,114,3,144.88,434.64
668,668,373,0,0.0,0.0
669,669,228,0,0.0,0.0
670,670,126,3,891.85,2675.55
671,671,333,2,25.48,50.96
672,672,341,2,302.32,604.64
673,673,500,3,192.81,578.43
674,674,157,1,42.47,42.47
675,675,111,3,131.83,395.49
676,676,311,2,188.92,377.84
677,677,176,3,639.67,1919.01
678,678,156,2,227.12,454.24
679,679,200,2,79.95,159.9
680,680,427,3,343.81,1031.43
681,681,361,0,0.0,0.0
682,682,203,1,391.72,391.72
683,683,45,2,78.77,157.54
684,684,34,3,49.87,149.61
685,685,271,1,222.83,222.83
686,686,19,0,0.0,0.0
687,687,32,1,59.15,59.15
688,688,406,1,53.08,53.08
689,689,10,3,879.32,2637.96
690,690,81,3,111.66,334.98
691,691,442,2,379.83,759.66
692,692,113,2,126.62,253.24
693,693,370,2,64.22,128.44
694,694,123,3,124.75,374.25
695,695,408,1,520.48,520.48
696,696,194,0,0.0,0.0
697,697,404,2,79.85,159.7
698,698,363,2,59.52,119.04
699,699,113,3,126.62,379.86
700,700,387,1,481.5,481.5
701,701,94,3,406.95,1220.85
702,702,113,0,0.0,0.0
703,703,155,3,102.7,308.1
704,704,249,2,36.01,72.02
705,705,311,1,188.92,188.92
706,706,330,0,0.0,0.0
707,707,40,0,0.0,0.0
708,708,235,3,264.14,792.42
709,709,215,1,104.74,104.74
710,710,437,1,152.97,152.97
711,711,321,1,33.65,33.65
712,712,20,3,108.22,324.66
713,713,7,2,29.69,59.38
714,714,302,0,0.0,0.0
715,715,286,2,25.06,50.12
716,716,217,3,96.49,289.47
717,717,399,1,25.21,25.21
718,718,410,2,121.83,243.66
719,719,115,3,359.92,1079.76
720,720,85,2,447.44,894.88
721,721,169,2,48.62,97.24
722,722,415,2,459.41,918.82
723,723,425,3,580.96,1742.88
724,724,483,0,0.0,0.0
725,725,316,3,179.11,537.33
726,726,380,1,358.71,358.71
727,727,367,2,469.33,938.66
728,728,283,2,160.76,321.52
729,729,341,0,0.0,0.0
730,730,200,3,79.95,239.85
731,731,153,1,274.57,274.57
732,732,266,0,0.0,0.0
733,733,237,1,146.53,146.53
734,734,431,3,62.65,187.95
735,735,370,1,64.22,64.22
736,736,330,1,82.23,82.23
737,737,273,1,136.05,136.05
738,738,228,2,64.2,128.4
739,739,499,3,370.38,1111.14
740,740,363,3,59.52,178.56
741,741,202,3,33.54,100.62
742,742,308,1,42.93,42.93
743,743,9,2,140.49,280.98
744,744,194,2,55.86,111.72
745,745,446,1,80.45,80.45
746,746,393,2,75.42,150.84
747,747,230,0,0.0,0.0
748,748,239,0,0.0,0.0
749,749,318,2,152.61,305.22
750,750,140,2,155.75,311.5
751,751,434,1,567.12,567.12
752,752,379,1,29.74,29.74
753,753,297,2,329.06,658.12
754,754,422,0,0.0,0.0
755,755,303,0,0.0,0.0
756,756,481,1,7.94,7.94
757,757,409,0,0.0,0.0
758,758,423,3,721.34,2164.02
759,759,180,1,74.01,74.01
760,760,276,3,381.94,1145.82
761,761,18,3,43.9,131.7
762,762,183,0,0.0,0.0
763,763,214,2,28.9,57.8
764,764,190,1,194.58,194.58
765,765,305,0,0.0,0.0
766,766,106,0,0.0,0.0
767,767,243,3,196.31,588.93
768,768,438,2,61.15,122.3
769,769,406,2,53.08,106.16
770,770,243,1,196.31,196.31
771,771,327,3,273.13,819.39
772,772,414,3,201.37,604.11
773,773,277,1,202.15,202.15
774,774,244,2,253.57,507.14
775,775,135,2,149.04,298.08
776,776,196,1,610.03,610.03
777,777,335,2,107.87,215.74
778,778,280,0,0.0,0.0
779,779,175,3,24.55,73.65
780,780,119,3,236.5,709.5
781,781,23,2,259.12,518.24
782,782,87,3,361.37,1084.11
783,783,177,1,192.27,192.27
784,784,83,1,237.58,237.58
785,785,27,3,344.33,1032.99
786,786,470,3,39.31,117.93
787,787,357,3,467.54,1402.62
788,788,454,0,0.0,0.0
789,789,371,2,71.44,142.88
790,790,153,0,0.0,0.0
791,791,216,3,961.53,2884.59
792,792,354,1,91.47,91.47
793,793,145,1,126.02,126.02
794,794,162,0,0.0,0.0
795,795,425,1,580.96,580.96
796,796,198,2,33.12,66.24
797,797,291,2,111.04,222.08
798,798,328,2,112.13,224.26
799,799,98,1,161.39,161.39
800,800,104,1,100.85,100.85
801,801,378,2,507.14,1014.28
802,802,214,1,28.9,28.9
803,803,451,0,0.0,0.0
804,804,130,3,191.02,573.06
805,805,249,1,36.01,36.01
806,806,4,3,449.19,1347.57
807,807,300,1,243.11,243.11
808,808,117,2,70.97,141.94
809,809,474,0,0.0,0.0
810,810,169,2,48.62,97.24
811,811,345,2,274.83,549.66
812,812,210,2,405.98,811.96
813,813,1,0,0.0,0.0
814,814,494,2,237.29,474.58
815,815,324,0,0.0,0.0
816,816,439,1,12.27,12.27
817,817,118,2,106.31,212.62
818,818,221,2,72.56,145.12
819,819,242,2,360.06,720.12
820,820,254,2,139.94,279.88
821,821,404,3,79.85,239.55
822,822,69,3,695.07,2085.21
823,823,407,1,33.74,33.74
824,824,235,1,264.14,264.14
825,825,104,1,100.85,100.85
826,826,66,2,362.97,725.94
827,827,25,1,928.76,928.76
828,828,399,3,25.21,75.63
829,829,446,3,80.45,241.35
830,830,222,3,23.17,69.51
831,831,172,2,25.36,50.72
832,832,304,2,29.99,59.98
833,833,390,3,94.27,282.81
834,834,391,0,0.0,0.0
835,835,386,1,27.47,27.47
836,836,353,3,120.91,362.73
837,837,493,3,284.68,854.04
838,838,25,1,928.76,928.76
839,839,432,0,0.0,0.0
840,840,454,2,102.1,204.2
841,841,69,2,695.07,1390.14
842,842,287,3,146.4,439.2
843,843,123,1,124.75,124.75
844,844,120,2,339.05,678.1
845,845,74,3,15.07,45.21
846,846,228,3,64.2,192.6
847,847,393,3,75.42,226.26
848,848,220,1,334.16,334.16
849,849,58,0,0.0,0.0
850,850,446,1,80.45,80.45
851,851,283,2,160.76,321.52
852,852,173,0,0.0,0.0
853,853,411,1,443.98,443.98
854,854,421,1,58.96,58.96
855,855,92,3,73.64,220.92
856,856,187,2,105.56,211.12
857,857,107,3,286.15,858.45
858,858,7,1,29.69,29.69
859,859,478,1,68.67,68.67
860,860,42,1,73.41,73.41
861,861,468,0,0.0,0.0
862,862,160,2,17.19,34.38
863,863,468,0,0.0,0.0
864,864,257,1,29.24,29.24
865,865,298,1,11.32,11.32
866,866,497,2,230.7,461.4
867,867,308,1,42.93,42.93
868,868,212,3,42.44,127.32
869,869,499,3,370.38,1111.14
870,870,442,0,0.0,0.0
871,871,53,3,465.94,1397.82
872,872,161,3,969.33,2907.99
873,873,314,3,26.86,80.58
874,874,66,1,362.97,362.97
875,875,498,2,67.99,135.98
876,876,347,3,52.24,156.72
877,877,206,1,56.81,56.81
878,878,479,0,0.0,0.0
879,879,197,2,71.01,142.02
880,880,68,0,0.0,0.0
881,881,318,1,152.61,152.61
882,882,370,3,64.22,192.66
883,883,444,3,304.44,913.32
884,884,123,0,0.0,0.0
885,885,456,3,79.09,237.27
886,886,226,0,0.0,0.0
887,887,293,2,75.78,151.56
888,888,48,3,73.5,220.5
889,889,238,3,1136.61,3409.83
890,890,272,1,156.5,156.5
891,891,266,1,292.32,292.32
892,892,295,1,47.75,47.75
893,893,355,2,106.69,213.38
894,894,338,1,74.1,74.1
895,895,329,1,53.98,53.98
896,896,389,1,274.83,274.83
897,897,413,3,590.03,1770.09
898,898,495,3,44.79,134.37
899,899,429,2,206.8,413.6
900,900,10,0,0.0,0.0
901,901,271,3,222.83,668.49
902,902,58,3,164.44,493.32
903,903,233,1,40.88,40.88
904,904,85,3,447.44,1342.32
905,905,122,1,68.28,68.28
906,906,445,1,733.51,733.51
907,907,45,1,78.77,78.77
908,908,153,3,274.57,823.71
909,909,195,0,0.0,0.0
910,910,90,1,83.32,83.32
911,911,24,0,0.0,0.0
912,912,311,0,0.0,0.0
913,913,476,2,78.81,157.62
914,914,24,3,14.23,42.69
915,915,31,1,77.11,77.11
916,916,263,3,273.09,819.27
917,917,44,2,161.91,323.82
918,918,273,2,136.05,272.1
919,919,288,3,129.69,389.07
920,920,192,2,365.87,731.74
921,921,86,0,0.0,0.0
922,922,393,2,75.42,150.84
923,923,140,3,155.75,467.25
924,924,5,0,0.0,0.0
925,925,213,2,21.38,42.76
926,926,61,0,0.0,0.0
927,927,41,3,1108.68,3326.04
928,928,488,1,129.62,129.62
929,929,494,2,237.29,474.58
930,930,432,3,130.65,391.95
931,931,74,3,15.07,45.21
932,932,19,3,492.7,1478.1
933,933,127,1,179.19,179.19
934,934,213,3,21.38,64.14
935,935,455,2,76.69,153.38
936,936,44,2,161.91,323.82
937,937,174,2,284.81,569.62
938,938,371,1,71.44,71.44
939,939,93,1,112.27,112.27
940,940,67,3,16.73,50.19
941,941,237,1,146.53,146.53
942,942,455,3,76.69,230.07
943,943,39,3,280.66,841.98
944,944,48,1,73.5,73.5
945,945,368,3,176.89,530.67
946,946,74,3,15.07,45.21
947,947,390,3,94.27,282.81
948,948,428,1,190.45,190.45
949,949,477,0,0.0,0.0
950,950,374,3,556.19,1668.57
951,951,462,3,122.25,366.75
952,952,123,0,0.0,0.0
953,953,109,1,206.61,206.61
954,954,101,0,0.0,0.0
955,955,180,2,74.01,148.02
956,956,322,3,206.22,618.66
957,957,280,2,309.51,619.02
958,958,321,3,33.65,100.95
959,959,499,1,370.38,370.38
960,960,35,2,93.88,187.76
961,961,432,0,0.0,0.0
962,962,84,0,0.0,0.0
963,963,123,1,124.75,124.75
964,964,433,2,1107.73,2215.46
965,965,446,3,80.45,241.35
966,966,188,0,0.0,0.0
967,967,331,2,231.79,463.58
968,968,306,3,458.92,1376.76
969,969,379,0,0.0,0.0
970,970,278,3,86.56,259.68
971,971,333,0,0.0,0.0
972,972,463,1,612.3,612.3
973,973,463,0,0.0,0.0
974,974,13,3,464.4,1393.2
975,975,387,2,481.5,963.0
976,976,351,1,256.08,256.08
977,977,316,0,0.0,0.0
978,978,419,2,781.23,1562.46
979,979,470,3,39.31,117.93
980,980,29,2,165.82,331.64
981,981,198,1,33.12,33.12
982,982,190,0,0.0,0.0
983,983,90,1,83.32,83.32
984,984,40,0,0.0,0.0
985,985,79,1,370.49,370.49
986,986,461,0,0.0,0.0
987,987,121,2,21.45,42.9
988,988,5,3,128.9,386.7
989,989,69,2,695.07,1390.14
990,990,431,2,62.65,125.3
991,991,426,1,70.68,70.68
992,992,379,3,29.74,89.22
993,993,422,1,437.54,437.54
994,994,139,2,51.53,103.06
995,995,410,2,121.83,243.66
996,996,459,1,57.88,57.88
997,997,478,3,68.67,206.01
998,998,386,1,27.47,27.47
999,999,381,0,0.0,0.0
1000,1000,338,2,74.1,148.2
1001,1001,495,1,44.79,44.79
1002,1002,141,0,0.0,0.0
1003,1003,22,3,54.02,162.06
1004,1004,460,1,172.13,172.13
1005,1005,149,2,26.74,53.48
1006,1006,311,2,188.92,377.84
1007,1007,144,2,121.59,243.18
1008,1008,313,2,200.25,400.5
1009,1009,18,2,43.9,87.8
1010,1010,7,3,29.69,89.07
1011,1011,375,3,46.29,138.87
1012,1012,184,3,119.22,357.66
1013,1013,20,2,108.22,216.44
1014,1014,453,1,321.78,321.78
1015,1015,381,0,0.0,0.0
1016,1016,251,2,14.27,28.54
1017,1017,188,2,1128.42,2256.84
1018,1018,238,3,1136.61,3409.83
1019,1019,307,1,42.41,42.41
1020,1020,377,3,25.48,76.44
1021,1021,353,3,120.91,362.73
1022,1022,499,2,370.38,740.76
1023,1023,316,3,179.11,537.33
1024,1024,23,2,259.12,518.24
1025,1025,142,1,29.03,29.03
1026,1026,336,0,0.0,0.0
1027,1027,150,1,97.52,97.52
1028,1028,167,1,204.82,204.82
1029,1029,367,3,469.33,1407.99
1030,1030,363,1,59.52,59.52
1031,1031,158,3,657.63,1972.89
1032,1032,198,2,33.12,66.24
1033,1033,470,3,39.31,117.93
1034,1034,243,2,196.31,392.62
1035,1035,99,2,97.74,195.48
1036,1036,464,1,105.45,105.45
1037,1037,372,3,907.59,2722.77
1038,1038,294,2,169.64,339.28
1039,1039,250,0,0.0,0.0
1040,1040,222,2,23.17,46.34
1041,1041,333,1,25.48,25.48
1042,1042,479,3,119.25,357.75
1043,1043,441,0,0.0,0.0
1044,1044,190,1,194.58,194.58
1045,1045,25,1,928.76,928.76
1046,1046,215,2,104.74,209.48
1047,1047,273,1,136.05,136.05
1048,1048,289,3,59.94,179.82
1049,1049,220,1,334.16,334.16
1050,1050,259,2,359.8,719.6
1051,1051,371,3,71.44,214.32
1052,1052,207,3,1164.08,3492.24
1053,1053,175,3,24.55,73.65
1054,1054,495,1,44.79,44.79
1055,1055,75,3,779.64,2338.92
1056,1056,213,0,0.0,0.0
1057,1057,73,3,86.75,260.25
1058,1058,441,2,328.53,657.06
1059,1059,213,1,21.38,21.38
1060,1060,68,2,16.19,32.38
1061,1061,213,1,21.38,21.38
1062,1062,422,0,0.0,0.0
1063,1063,395,3,97.91,293.73
1064,1064,219,2,101.36,202.72
1065,1065,6,0,0.0,0.0
1066,1066,422,1,437.54,437.54
1067,1067,168,3,129.32,387.96
1068,1068,288,1,129.69,129.69
1069,1069,148,2,30.19,60.38
1070,1070,478,3,68.67,206.01
1071,1071,328,3,112.13,336.39
1072,1072,431,0,0.0,0.0
1073,1073,372,2,907.59,1815.18
1074,1074,266,3,292.32,876.96
1075,1075,27,1,344.33,344.33
1076,1076,217,2,96.49,192.98
1077,1077,208,1,185.42,185.42
1078,1078,459,2,57.88,115.76
1079,1079,409,2,222.26,444.52
1080,1080,450,3,324.21,972.63
1081,1081,161,1,969.33,969.33
1082,1082,87,1,361.37,361.37
1083,1083,489,2,166.1,332.2
1084,1084,450,2,324.21,648.42
1085,1085,74,1,15.07,15.07
1086,1086,51,3,279.52,838.56
1087,1087,82,2,49.07,98.14
1088,1088,82,2,49.07,98.14
1089,1089,99,1,97.74,97.74
1090,1090,188,1,1128.42,1128.42
1091,1091,188,3,1128.42,3385.26
1092,1092,214,1,28.9,28.9
1093,1093,1,3,17.46,52.38
1094,1094,176,0,0.0,0.0
1095,1095,409,3,222.26,666.78
1096,1096,458,3,328.21,984.63
1097,1097,169,3,48.62,145.86
1098,1098,214,0,0.0,0.0
1099,1099,479,1,119.25,119.25
1100,1100,249,1,36.01,36.01
1101,1101,62,2,51.85,103.7
1102,1102,464,0,0.0,0.0
1103,1103,33,2,9.87,19.74
1104,1104,424,0,0.0,0.0
1105,1105,83,1,237.58,237.58
1106,1106,347,0,0.0,0.0
1107,1107,199,3,109.63,328.89
1108,1108,489,1,166.1,166.1
1109,1109,183,1,12.55,12.55
1110,1110,421,1,58.96,58.96
1111,1111,105,3,292.28,876.84
1112,1112,67,3,16.73,50.19
1113,1113,149,2,26.74,53.48
1114,1114,227,1,185.48,185.48
1115,1115,182,3,28.83,86.49
1116,1116,454,3,102.1,306.3
1117,1117,127,2,179.19,358.38
1118,1118,366,1,1015.39,1015.39
1119,1119,134,1,76.06,76.06
1120,1120,71,3,143.64,430.92
1121,1121,394,3,594.74,1784.22
1122,1122,70,1,250.42,250.42
1123,1123,333,1,25.48,25.48
1124,1124,482,1,129.95,129.95
1125,1125,479,3,119.25,357.75
1126,1126,148,0,0.0,0.0
1127,1127,500,2,192.81,385.62
1128,1128,485,3,413.49,1240.47
1129,1129,125,3,706.22,2118.66
1130,1130,62,2,51.85,103.7
1131,1131,496,3,20.04,60.12
1132,1132,355,1,106.69,106.69
1133,1133,153,1,274.57,274.57
1134,1134,442,3,379.83,1139.49
1135,1135,433,2,1107.73,2215.46
1136,1136,282,1,141.23,141.23
1137,1137,145,3,126.02,378.06
1138,1138,495,1,44.79,44.79
1139,1139,375,0,0.0,0.0
1140,1140,461,3,170.95,512.85
1141,1141,257,2,29.24,58.48
1142,1142,326,0,0.0,0.0
1143,1143,419,3,781.23,2343.69
1144,1144,84,0,0.0,0.0
1145,1145,379,2,29.74,59.48
1146,1146,27,1,344.33,344.33
1147,1147,56,1,34.43,34.43
1148,1148,235,3,264.14,792.42
1149,1149,82,1,49.07,49.07
1150,1150,54,1,212.91,212.91
1151,1151,271,3,222.83,668.49
1152,1152,313,3,200.25,600.75
1153,1153,492,3,32.95,98.85
1154,1154,285,0,0.0,0.0
1155,1155,48,3,73.5,220.5
1156,1156,62,3,51.85,155.55
1157,1157,9,1,140.49,140.49
1158,1158,440,3,104.67,314.01
1159,1159,314,2,26.86,53.72
1160,1160,84,2,84.82,169.64
1161,1161,90,2,83.32,166.64
1162,1162,190,2,194.58,389.16
1163,1163,286,3,25.06,75.18
1164,1164,415,2,459.41,918.82
1165,1165,444,1,304.44,304.44
1166,1166,374,0,0.0,0.0
1167,1167,184,2,119.22,238.44
1168,1168,278,2,86.56,173.12
1169,1169,249,2,36.01,72.02
1170,1170,426,2,70.68,141.36
1171,1171,473,1,24.66,24.66
1172,1172,229,1,364.35,364.35
1173,1173,421,3,58.96,176.88
1174,1174,163,0,0.0,0.0
1175,1175,277,3,202.15,606.45
1176,1176,293,1,75.78,75.78
1177,1177,109,3,206.61,619.83
1178,1178,416,0,0.0,0.0
1179,1179,272,3,156.5,469.5
1180,1180,83,2,237.58,475.16
1181,1181,171,2,44.82,89.64
1182,1182,410,1,121.83,121.83
1183,1183,72,3,718.44,2155.32
1184,1184,176,1,639.67,639.67
1185,1185,181,1,380.28,380.28
1186,1186,41,2,1108.68,2217.36
1187,1187,290,3,77.72,233.16
1188,1188,307,1,42.41,42.41
1189,1189,305,1,333.95,333.95
1190,1190,183,1,12.55,12.55
1191,1191,137,0,0.0,0.0
1192,1192,138,2,83.39,166.78
1193,1193,202,0,0.0,0.0
1194,1194,127,3,179.19,537.57
1195,1195,404,3,79.85,239.55
1196,1196,104,3,100.85,302.55
1197,1197,260,1,309.69,309.69
1198,1198,5,2,128.9,257.8
1199,1199,242,0,0.0,0.0
1200,1200,218,2,395.47,790.94
1201,1201,239,2,730.1,1460.2
1202,1202,499,0,0.0,0.0
1203,1203,208,3,185.42,556.26
1204,1204,25,3,928.76,2786.28
1205,1205,72,3,718.44,2155.32
1206,1206,300,0,0.0,0.0
1207,1207,273,0,0.0,0.0
1208,1208,163,2,49.05,98.1
1209,1209,388,3,62.87,188.61
1210,1210,453,3,321.78,965.34
1211,1211,245,1,42.27,42.27
1212,1212,397,3,34.05,102.15
1213,1213,73,1,86.75,86.75
1214,1214,347,2,52.24,104.48
1215,1215,172,1,25.36,25.36
1216,1216,43,3,163.68,491.04
1217,1217,461,1,170.95,170.95
1218,1218,393,2,75.42,150.84
1219,1219,306,2,458.92,917.84
1220,1220,333,0,0.0,0.0
1221,1221,106,1,49.91,49.91
1222,1222,205,0,0.0,0.0
1223,1223,426,3,70.68,212.04
1224,1224,76,0,0.0,0.0
1225,1225,217,1,96.49,96.49
1226,1226,55,3,137.52,412.56
1227,1227,362,1,319.48,319.48
1228,1228,265,2,335.09,670.18
1229,1229,391,1,72.09,72.09
1230,1230,141,0,0.0,0.0
1231,1231,433,2,1107.73,2215.46
1232,1232,122,0,0.0,0.0
1233,1233,2,3,22.34,67.02
1234,1234,449,1,414.85,414.85
1235,1235,9,2,140.49,280.98
1236,1236,48,2,73.5,147.0
1237,1237,156,2,227.12,454.24
1238,1238,79,3,370.49,1111.47
1239,1239,432,3,130.65,391.95
1240,1240,210,2,405.98,811.96
1241,1241,195,3,66.84,200.52
1242,1242,255,0,0.0,0.0
1243,1243,171,2,44.82,89.64
1244,1244,113,1,126.62,126.62
1245,1245,42,0,0.0,0.0
1246,1246,328,0,0.0,0.0
1247,1247,436,3,999.96,2999.88
1248,1248,465,2,159.92,319.84
1249,1249,56,1,34.43,34.43
1250,1250,376,2,626.91,1253.82
1251,1251,126,1,891.85,891.85
1252,1252,449,0,0.0,0.0
1253,1253,134,0,0.0,0.0
1254,1254,484,2,69.46,138.92
1255,1255,431,0,0.0,0.0
1256,1256,321,2,33.65,67.3
1257,1257,91,3,347.78,1043.34
1258,1258,238,3,1136.61,3409.83
1259,1259,258,1,83.53,83.53
1260,1260,54,1,212.91,212.91
1261,1261,413,1,590.03,590.03
1262,1262,410,1,121.83,121.83
1263,1263,434,3,567.12,1701.36
1264,1264,164,0,0.0,0.0
1265,1265,125,0,0.0,0.0
1266,1266,160,0,0.0,0.0
1267,1267,164,3,109.28,327.84
1268,1268,331,2,231.79,463.58
1269,1269,201,0,0.0,0.0
1270,1270,406,3,53.08,159.24
1271,1271,298,3,11.32,33.96
1272,1272,197,3,71.01,213.03
1273,1273,394,2,594.74,1189.48
1274,1274,347,1,52.24,52.24
1275,1275,403,3,1013.84,3041.52
1276,1276,289,3,59.94,179.82
1277,1277,54,2,212.91,425.82
1278,1278,282,2,141.23,282.46
1279,1279,32,3,59.15,177.45
1280,1280,443,0,0.0,0.0
1281,1281,481,0,0.0,0.0
1282,1282,73,1,86.75,86.75
1283,1283,202,0,0.0,0.0
1284,1284,317,0,0.0,0.0
1285,1285,326,1,149.2,149.2
1286,1286,275,3,91.1,273.3
1287,1287,140,1,155.75,155.75
1288,1288,251,2,14.27,28.54
1289,1289,122,0,0.0,0.0
1290,1290,283,1,160.76,160.76
1291,1291,271,0,0.0,0.0
1292,1292,493,0,0.0,0.0
1293,1293,157,3,42.47,127.41
1294,1294,474,1,308.01,308.01
1295,1295,117,1,70.97,70.97
1296,1296,67,1,16.73,16.73
1297,1297,92,1,73.64,73.64
1298,1298,127,3,179.19,537.57
1299,1299,176,2,639.67,1279.34
1300,1300,307,0,0.0,0.0
1301,1301,23,0,0.0,0.0
1302,1302,480,2,72.32,144.64
1303,1303,9,2,140.49,280.98
1304,1304,248,1,179.61,179.61
1305,1305,378,1,507.14,507.14
1306,1306,171,3,44.82,134.46
1307,1307,479,0,0.0,0.0
1308,1308,405,3,431.5,1294.5
1309,1309,121,2,21.45,42.9
1310,1310,306,2,458.92,917.84
1311,1311,169,2,48.62,97.24
1312,1312,260,3,309.69,929.07
1313,1313,469,0,0.0,0.0
1314,1314,274,2,50.63,101.26
1315,1315,5,0,0.0,0.0
1316,1316,254,1,139.94,139.94
1317,1317,123,2,124.75,249.5
1318,1318,212,2,42.44,84.88
1319,1319,470,2,39.31,78.62
1320,1320,220,1,334.16,334.16
1321,1321,2,3,22.34,67.02
1322,1322,248,2,179.61,359.22
1323,1323,394,1,594.74,594.74
1324,1324,89,3,168.52,505.56
1325,1325,466,1,68.61,68.61
1326,1326,68,1,16.19,16.19
1327,1327,432,3,130.65,391.95
1328,1328,357,3,467.54,1402.62
1329,1329,72,1,718.44,718.44
1330,1330,321,1,33.65,33.65
1331,1331,469,3,423.65,1270.95
1332,1332,228,3,64.2,192.6
1333,1333,91,0,0.0,0.0
1334,1334,265,0,0.0,0.0
1335,1335,306,2,458.92,917.84
1336,1336,419,2,781.23,1562.46
1337,1337,75,2,779.64,1559.28
1338,1338,143,3,189.18,567.54
1339,1339,433,1,1107.73,1107.73
1340,1340,330,0,0.0,0.0
1341,1341,114,0,0.0,0.0
1342,1342,110,0,0.0,0.0
1343,1343,465,1,159.92,159.92
1344,1344,495,2,44.79,89.58
1345,1345,396,0,0.0,0.0
1346,1346,427,2,343.81,687.62
1347,1347,356,3,96.08,288.24
1348,1348,459,2,57.88,115.76
1349,1349,315,1,964.78,964.78
1350,1350,366,1,1015.39,1015.39
1351,1351,490,2,219.62,439.24
1352,1352,220,3,334.16,1002.48
1353,1353,218,1,395.47,395.47
1354,1354,484,2,69.46,138.92
1355,1355,299,2,50.61,101.22
1356,1356,128,1,767.62,767.62
1357,1357,101,0,0.0,0.0
1358,1358,112,0,0.0,0.0
1359,1359,139,3,51.53,154.59
1360,1360,499,2,370.38,740.76
1361,1361,114,2,144.88,289.76
1362,1362,287,3,146.4,439.2
1363,1363,151,3,1088.04,3264.12
1364,1364,479,3,119.25,357.75
1365,1365,53,1,465.94,465.94
1366,1366,287,3,146.4,439.2
1367,1367,169,2,48.62,97.24
1368,1368,194,1,55.86,55.86
1369,1369,85,2,447.44,894.88
1370,1370,100,1,269.94,269.94
1371,1371,17,2,92.32,184.64
1372,1372,411,1,443.98,443.98
1373,1373,258,3,83.53,250.59
1374,1374,376,1,626.91,626.91
1375,1375,261,3,75.65,226.95
1376,1376,12,2,53.87,107.74
1377,1377,308,3,42.93,128.79
1378,1378,398,0,0.0,0.0
1379,1379,125,2,706.22,1412.44
1380,1380,139,3,51.53,154.59
1381,1381,291,1,111.04,111.04
1382,1382,49,3,885.62,2656.86
1383,1383,226,0,0.0,0.0
1384,1384,399,2,25.21,50.42
1385,1385,320,2,77.79,155.58
1386,1386,200,3,79.95,239.85
1387,1387,449,3,414.85,1244.55
1388,1388,441,3,328.53,985.59
1389,1389,390,2,94.27,188.54
1390,1390,317,2,116.6,233.2
1391,1391,92,1,73.64,73.64
1392,1392,345,1,274.83,274.83
1393,1393,275,0,0.0,0.0
1394,1394,317,1,116.6,116.6
1395,1395,60,1,237.58,237.58
1396,1396,419,2,781.23,1562.46
1397,1397,108,0,0.0,0.0
1398,1398,496,3,20.04,60.12
1399,1399,216,2,961.53,1923.06
1400,1400,319,2,109.44,218.88
1401,1401,98,2,161.39,322.78
1402,1402,219,0,0.0,0.0
1403,1403,255,0,0.0,0.0
1404,1404,235,3,264.14,792.42
1405,1405,272,2,156.5,313.0
1406,1406,269,0,0.0,0.0
1407,1407,202,3,33.54,100.62
1408,1408,117,2,70.97,141.94
1409,1409,432,3,130.65,391.95
1410,1410,234,1,11.33,11.33
1411,1411,115,2,359.92,719.84
1412,1412,52,2,14.27,28.54
1413,1413,141,0,0.0,0.0
1414,1414,328,0,0.0,0.0
1415,1415,44,0,0.0,0.0
1416,1416,323,2,129.74,259.48
1417,1417,122,0,0.0,0.0
1418,1418,425,3,580.96,1742.88
1419,1419,15,3,18.28,54.84
1420,1420,361,3,72.44,217.32
1421,1421,438,2,61.15,122.3
1422,1422,99,2,97.74,195.48
1423,1423,431,2,62.65,125.3
1424,1424,467,0,0.0,0.0
1425,1425,73,1,86.75,86.75
1426,1426,111,0,0.0,0.0
1427,1427,336,3,94.58,283.74
1428,1428,8,3,661.09,1983.27
1429,1429,444,2,304.44,608.88
1430,1430,464,2,105.45,210.9
1431,1431,65,2,304.24,608.48
1432,1432,473,1,24.66,24.66
1433,1433,19,0,0.0,0.0
1434,1434,55,1,137.52,137.52
1435,1435,48,1,73.5,73.5
1436,1436,338,0,0.0,0.0
1437,1437,61,0,0.0,0.0
1438,1438,185,0,0.0,0.0
1439,1439,168,0,0.0,0.0
1440,1440,290,0,0.0,0.0
1441,1441,1,0,0.0,0.0
1442,1442,168,2,129.32,258.64
1443,1443,101,3,310.95,932.85
1444,1444,110,2,36.58,73.16
1445,1445,138,0,0.0,0.0
1446,1446,275,3,91.1,273.3
1447,1447,87,1,361.37,361.37
1448,1448,143,3,189.18,567.54
1449,1449,333,1,25.48,25.48
1450,1450,51,1,279.52,279.52
1451,1451,472,3,476.19,1428.57
1452,1452,289,0,0.0,0.0
1453,1453,216,1,961.53,961.53
1454,1454,438,2,61.15,122.3
1455,1455,426,2,70.68,141.36
1456,1456,452,2,311.44,622.88
1457,1457,387,3,481.5,1444.5
1458,1458,12,2,53.87,107.74
1459,1459,459,3,57.88,173.64
1460,1460,438,3,61.15,183.45
1461,1461,332,3,121.21,363.63
1462,1462,52,2,14.27,28.54
1463,1463,494,2,237.29,474.58
1464,1464,124,3,371.07,1113.21
1465,1465,365,1,532.38,532.38
1466,1466,210,0,0.0,0.0
1467,1467,250,3,13.79,41.37
1468,1468,317,0,0.0,0.0
1469,1469,210,2,405.98,811.96
1470,1470,368,1,176.89,176.89
1471,1471,213,2,21.38,42.76
1472,1472,100,0,0.0,0.0
1473,1473,21,3,510.93,1532.79
1474,1474,372,2,907.59,1815.18
1475,1475,67,0,0.0,0.0
1476,1476,27,1,344.33,344.33
1477,1477,418,1,265.15,265.15
1478,1478,252,0,0.0,0.0
1479,1479,100,2,269.94,539.88
1480,1480,167,1,204.82,204.82
1481,1481,372,0,0.0,0.0
1482,1482,96,0,0.0,0.0
1483,1483,34,2,49.87,99.74
1484,1484,280,0,0.0,0.0
1485,1485,437,2,152.97,305.94
1486,1486,314,3,26.86,80.58
1487,1487,241,0,0.0,0.0
1488,1488,88,2,221.56,443.12
1489,1489,497,0,0.0,0.0
1490,1490,200,0,0.0,0.0
1491,1491,344,2,194.64,389.28
1492,1492,60,3,237.58,712.74
1493,1493,462,3,122.25,366.75
1494,1494,201,2,9.61,19.22
1495,1495,499,3,370.38,1111.14
1496,1496,244,3,253.57,760.71
1497,1497,109,1,206.61,206.61
1498,1498,422,2,437.54,875.08
1499,1499,258,0,0.0,0.0
1500,1500,5,1,128.9,128.9
1501,1501,66,3,362.97,1088.91
1502,1502,185,0,0.0,0.0
1503,1503,168,3,129.32,387.96
1504,1504,343,1,274.14,274.14
1505,1505,456,2,79.09,158.18
1506,1506,373,2,145.97,291.94
1507,1507,114,0,0.0,0.0
1508,1508,347,1,52.24,52.24
1509,1509,401,0,0.0,0.0
1510,1510,458,0,0.0,0.0
1511,1511,465,2,159.92,319.84
1512,1512,4,3,449.19,1347.57
1513,1513,234,3,11.33,33.99
1514,1514,188,2,1128.42,2256.84
1515,1515,280,3,309.51,928.53
1516,1516,379,3,29.74,89.22
1517,1517,474,3,308.01,924.03
1518,1518,378,3,507.14,1521.42
1519,1519,232,1,75.39,75.39
1520,1520,20,3,108.22,324.66
1521,1521,189,0,0.0,0.0
1522,1522,371,3,71.44,214.32
1523,1523,261,1,75.65,75.65
1524,1524,191,3,352.26,1056.78
1525,1525,208,0,0.0,0.0
1526,1526,264,0,0.0,0.0
1527,1527,471,3,970.12,2910.36
1528,1528,160,1,17.19,17.19
1529,1529,383,1,400.12,400.12
1530,1530,467,2,27.43,54.86
1531,1531,150,2,97.52,195.04
1532,1532,482,2,129.95,259.9
1533,1533,31,1,77.11,77.11
1534,1534,210,1,405.98,405.98
1535,1535,83,2,237.58,475.16
1536,1536,217,2,96.49,192.98
1537,1537,363,0,0.0,0.0
1538,1538,234,2,11.33,22.66
1539,1539,328,2,112.13,224.26
1540,1540,442,2,379.83,759.66
1541,1541,404,2,79.85,159.7
1542,1542,286,2,25.06,50.12
1543,1543,362,3,319.48,958.44
1544,1544,213,2,21.38,42.76
1545,1545,343,2,274.14,548.28
1546,1546,449,0,0.0,0.0
1547,1547,322,0,0.0,0.0
1548,1548,351,2,256.08,512.16
1549,1549,243,3,196.31,588.93
1550,1550,47,2,999.61,1999.22
1551,1551,196,0,0.0,0.0
1552,1552,461,3,170.95,512.85
1553,1553,443,3,146.73,440.19
1554,1554,132,2,298.43,596.86
1555,1555,467,2,27.43,54.86
1556,1556,495,2,44.79,89.58
1557,1557,472,2,476.19,952.38
1558,1558,358,1,268.21,268.21
1559,1559,394,0,0.0,0.0
1560,1560,353,1,120.91,120.91
1561,1561,139,1,51.53,51.53
1562,1562,425,2,580.96,1161.92
1563,1563,133,0,0.0,0.0
1564,1564,243,2,196.31,392.62
1565,1565,93,3,112.27,336.81
1566,1566,358,0,0.0,0.0
1567,1567,4,3,449.19,1347.57
1568,1568,398,2,71.19,142.38
1569,1569,374,3,556.19,1668.57
1570,1570,289,0,0.0,0.0
1571,1571,338,2,74.1,148.2
1572,1572,173,1,15.27,15.27
1573,1573,355,3,106.69,320.07
1574,1574,142,0,0.0,0.0
1575,1575,184,0,0.0,0.0
1576,1576,479,1,119.25,119.25
1577,1577,131,2,203.35,406.7
1578,1578,441,2,328.53,657.06
1579,1579,153,0,0.0,0.0
1580,1580,305,1,333.95,333.95
1581,1581,424,0,0.0,0.0
1582,1582,265,0,0.0,0.0
1583,1583,289,1,59.94,59.94
1584,1584,206,0,0.0,0.0
1585,1585,127,3,179.19,537.57
1586,1586,120,1,339.05,339.05
1587,1587,401,3,129.52,388.56
1588,1588,205,2,241.38,482.76
1589,1589,321,1,33.65,33.65
1590,1590,104,3,100.85,302.55
1591,1591,335,1,107.87,107.87
1592,1592,136,2,132.36,264.72
1593,1593,331,2,231.79,463.58
1594,1594,166,0,0.0,0.0
1595,1595,407,0,0.0,0.0
1596,1596,289,0,0.0,0.0
1597,1597,24,0,0.0,0.0
1598,1598,383,2,400.12,800.24
1599,1599,444,0,0.0,0.0
1600,1600,428,1,190.45,190.45
1601,1601,262,0,0.0,0.0
1602,1602,123,2,124.75,249.5
1603,1603,117,1,70.97,70.97
1604,1604,440,0,0.0,0.0
1605,1605,478,2,68.67,137.34
1606,1606,51,0,0.0,0.0
1607,1607,195,1,66.84,66.84
1608,1608,396,2,314.25,628.5
1609,1609,121,0,0.0,0.0
1610,1610,98,3,161.39,484.17
1611,1611,141,1,36.3,36.3
1612,1612,172,1,25.36,25.36
1613,1613,27,3,344.33,1032.99
1614,1614,480,1,72.32,72.32
1615,1615,223,2,107.35,214.7
1616,1616,285,1,40.19,40.19
1617,1617,475,3,54.39,163.17
1618,1618,249,0,0.0,0.0
1619,1619,350,3,160.3,480.9
1620,1620,238,1,1136.61,1136.61
1621,1621,112,0,0.0,0.0
1622,1622,486,2,446.9,893.8
1623,1623,217,2,96.49,192.98
1624,1624,153,3,274.57,823.71
1625,1625,235,2,264.14,528.28
1626,1626,381,2,568.03,1136.06
1627,1627,472,2,476.19,952.38
1628,1628,409,1,222.26,222.26
1629,1629,136,1,132.36,132.36
1630,1630,465,1,159.92,159.92
1631,1631,493,0,0.0,0.0
1632,1632,268,0,0.0,0.0
1633,1633,109,0,0.0,0.0
1634,1634,450,3,324.21,972.63
1635,1635,344,2,194.64,389.28
1636,1636,145,0,0.0,0.0
1637,1637,64,2,64.05,128.1
1638,1638,328,1,112.13,112.13
1639,1639,429,1,206.8,206.8
1640,1640,389,3,274.83,824.49
1641,1641,155,0,0.0,0.0
1642,1642,448,1,308.92,308.92
1643,1643,32,1,59.15,59.15
1644,1644,13,1,464.4,464.4
1645,1645,348,2,13.09,26.18
1646,1646,240,1,58.81,58.81
1647,1647,266,3,292.32,876.96
1648,1648,63,3,40.21,120.63
1649,1649,477,3,478.66,1435.98
1650,1650,181,1,380.28,380.28
1651,1651,215,0,0.0,0.0
1652,1652,163,3,49.05,147.15
1653,1653,144,3,121.59,364.77
1654,1654,481,2,7.94,15.88
1655,1655,262,0,0.0,0.0
1656,1656,313,3,200.25,600.75
1657,1657,259,1,359.8,359.8
1658,1658,286,1,25.06,25.06
1659,1659,130,1,191.02,191.02
1660,1660,235,1,264.14,264.14
1661,1661,144,2,121.59,243.18
1662,1662,120,0,0.0,0.0
1663,1663,485,2,413.49,826.98
1664,1664,245,3,42.27,126.81
1665,1665,205,2,241.38,482.76
1666,1666,388,0,0.0,0.0
1667,1667,261,0,0.0,0.0
1668,1668,291,3,111.04,333.12
1669,1669,117,2,70.97,141.94
1670,1670,14,0,0.0,0.0
1671,1671,442,0,0.0,0.0
1672,1672,497,2,230.7,461.4
1673,1673,369,0,0.0,0.0
1674,1674,416,3,113.34,340.02
1675,1675,378,1,507.14,507.14
1676,1676,225,0,0.0,0.0
1677,1677,19,1,492.7,492.7
1678,1678,418,2,265.15,530.3
1679,1679,17,3,92.32,276.96
1680,1680,221,3,72.56,217.68
1681,1681,259,2,359.8,719.6
1682,1682,238,2,1136.61,2273.22
1683,1683,35,2,93.88,187.76
1684,1684,50,0,0.0,0.0
1685,1685,352,3,114.78,344.34
1686,1686,298,3,11.32,33.96
1687,1687,68,1,16.19,16.19
1688,1688,331,1,231.79,231.79
1689,1689,132,3,298.43,895.29
1690,1690,219,1,101.36,101.36
1691,1691,471,1,970.12,970.12
1692,1692,315,1,964.78,964.78
1693,1693,72,1,718.44,718.44
1694,1694,271,2,222.83,445.66
1695,1695,139,2,51.53,103.06
1696,1696,330,3,82.23,246.69
1697,1697,325,3,16.61,49.83
1698,1698,162,3,11.46,34.38
1699,1699,59,0,0.0,0.0
1700,1700,385,0,0.0,0.0
1701,1701,405,0,0.0,0.0
1702,1702,115,1,359.92,359.92
1703,1703,275,2,91.1,182.2
1704,1704,276,2,381.94,763.88
1705,1705,6,2,796.89,1593.78
1706,1706,500,3,192.81,578.43
1707,1707,278,1,86.56,86.56
1708,1708,270,3,32.39,97.17
1709,1709,40,1,56.44,56.44
1710,1710,348,2,13.09,26.18
1711,1711,462,3,122.25,366.75
1712,1712,201,1,9.61,9.61
1713,1713,483,1,1136.8,1136.8
1714,1714,449,2,414.85,829.7
1715,1715,146,1,81.94,81.94
1716,1716,273,1,136.05,136.05
1717,1717,250,3,13.79,41.37
1718,1718,113,3,126.62,379.86
1719,1719,375,0,0.0,0.0
1720,1720,357,2,467.54,935.08
1721,1721,242,0,0.0,0.0
1722,1722,292,0,0.0,0.0
1723,1723,402,2,296.01,592.02
1724,1724,282,0,0.0,0.0
1725,1725,109,1,206.61,206.61
1726,1726,126,0,0.0,0.0
1727,1727,140,3,155.75,467.25
1728,1728,460,2,172.13,344.26
1729,1729,255,1,40.99,40.99
1730,1730,238,2,1136.61,2273.22
1731,1731,364,2,91.17,182.34
1732,1732,380,3,358.71,1076.13
1733,1733,5,2,128.9,257.8
1734,1734,479,2,119.25,238.5
1735,1735,344,1,194.64,194.64
1736,1736,264,1,16.15,16.15
1737,1737,283,1,160.76,160.76
1738,1738,341,1,302.32,302.32
1739,1739,105,1,292.28,292.28
1740,1740,473,2,24.66,49.32
1741,1741,305,0,0.0,0.0
1742,1742,474,3,308.01,924.03
1743,1743,135,0,0.0,0.0
1744,1744,434,3,567.12,1701.36
1745,1745,431,2,62.65,125.3
1746,1746,440,2,104.67,209.34
1747,1747,135,3,149.04,447.12
1748,1748,49,2,885.62,1771.24
1749,1749,272,3,156.5,469.5
1750,1750,286,2,25.06,50.12
1751,1751,410,0,0.0,0.0
1752,1752,346,3,223.43,670.29
1753,1753,454,0,0.0,0.0
1754,1754,146,2,81.94,163.88
1755,1755,146,0,0.0,0.0
1756,1756,485,0,0.0,0.0
1757,1757,24,3,14.23,42.69
1758,1758,309,3,57.09,171.27
1759,1759,317,2,116.6,233.2
1760,1760,408,3,520.48,1561.44
1761,1761,120,1,339.05,339.05
1762,1762,111,1,131.83,131.83
1763,1763,347,0,0.0,0.0
1764,1764,20,2,108.22,216.44
1765,1765,347,0,0.0,0.0
1766,1766,484,2,69.46,138.92
1767,1767,240,0,0.0,0.0
1768,1768,4,0,0.0,0.0
1769,1769,462,3,122.25,366.75
1770,1770,452,0,0.0,0.0
1771,1771,189,1,101.51,101.51
1772,1772,233,3,40.88,122.64
1773,1773,346,0,0.0,0.0
1774,1774,428,1,190.45,190.45
1775,1775,70,3,250.42,751.26
1776,1776,200,1,79.95,79.95
1777,1777,114,0,0.0,0.0
1778,1778,456,3,79.09,237.27
1779,1779,22,1,54.02,54.02
1780,1780,335,3,107.87,323.61
1781,1781,364,3,91.17,273.51
1782,1782,220,2,334.16,668.32
1783,1783,109,1,206.61,206.61
1784,1784,13,3,464.4,1393.2
1785,1785,451,0,0.0,0.0
1786,1786,486,1,446.9,446.9
1787,1787,497,1,230.7,230.7
1788,1788,198,2,33.12,66.24
1789,1789,195,2,66.84,133.68
1790,1790,2,1,22.34,22.34
1791,1791,18,2,43.9,87.8
1792,1792,329,3,53.98,161.94
1793,1793,327,1,273.13,273.13
1794,1794,440,2,104.67,209.34
1795,1795,150,1,97.52,97.52
1796,1796,440,0,0.0,0.0
1797,1797,100,3,269.94,809.82
1798,1798,256,1,381.09,381.09
1799,1799,90,1,83.32,83.32
1800,1800,67,1,16.73,16.73
1801,1801,473,3,24.66,73.98
1802,1802,336,2,94.58,189.16
1803,1803,120,1,339.05,339.05
1804,1804,307,2,42.41,84.82
1805,1805,4,1,449.19,449.19
1806,1806,159,1,93.92,93.92
1807,1807,111,1,131.83,131.83
1808,1808,367,0,0.0,0.0
1809,1809,293,1,75.78,75.78
1810,1810,385,1,408.99,408.99
1811,1811,417,0,0.0,0.0
1812,1812,381,2,568.03,1136.06
1813,1813,285,1,40.19,40.19
1814,1814,442,1,379.83,379.83
1815,1815,164,0,0.0,0.0
1816,1816,291,1,111.04,111.04
1817,1817,429,3,206.8,620.4
1818,1818,19,3,492.7,1478.1
1819,1819,131,1,203.35,203.35
1820,1820,496,2,20.04,40.08
1821,1821,162,0,0.0,0.0
1822,1822,292,2,187.14,374.28
1823,1823,389,2,274.83,549.66
1824,1824,121,3,21.45,64.35
1825,1825,198,0,0.0,0.0
1826,1826,244,2,253.57,507.14
1827,1827,331,2,231.79,463.58
1828,1828,483,1,1136.8,1136.8
1829,1829,324,3,36.76,110.28
1830,1830,411,0,0.0,0.0
1831,1831,83,2,237.58,475.16
1832,1832,455,3,76.69,230.07
1833,1833,182,3,28.83,86.49
1834,1834,375,2,46.29,92.58
1835,1835,131,3,203.35,610.05
1836,1836,454,1,102.1,102.1
1837,1837,206,0,0.0,0.0
1838,1838,469,1,423.65,423.65
1839,1839,295,1,47.75,47.75
1840,1840,268,1,456.84,456.84
1841,1841,470,3,39.31,117.93
1842,1842,105,3,292.28,876.84
1843,1843,475,1,54.39,54.39
1844,1844,240,2,58.81,117.62
1845,1845,466,1,68.61,68.61
1846,1846,324,2,36.76,73.52
1847,1847,474,1,308.01,308.01
1848,1848,278,0,0.0,0.0
1849,1849,189,1,101.51,101.51
1850,1850,475,2,54.39,108.78
1851,1851,201,3,9.61,28.83
1852,1852,258,3,83.53,250.59
1853,1853,230,3,89.97,269.91
1854,1854,430,0,0.0,0.0
1855,1855,290,3,77.72,233.16
1856,1856,397,1,34.05,34.05
1857,1857,186,2,87.11,174.22
1858,1858,326,1,149.2,149.2
1859,1859,134,1,76.06,76.06
1860,1860,282,1,141.23,141.23
1861,1861,318,2,152.61,305.22
1862,1862,399,3,25.21,75.63
1863,1863,466,0,0.0,0.0
1864,1864,455,3,76.69,230.07
1865,1865,182,2,28.83,57.66
1866,1866,144,3,121.59,364.77
1867,1867,276,2,381.94,763.88
1868,1868,213,1,21.38,21.38
1869,1869,372,2,907.59,1815.18
1870,1870,9,3,140.49,421.47
1871,1871,419,2,781.23,1562.46
1872,1872,282,3,141.23,423.69
1873,1873,154,3,139.75,419.25
1874,1874,406,1,53.08,53.08
1875,1875,483,3,1136.8,3410.4
1876,1876,462,2,122.25,244.5
1877,1877,405,1,431.5,431.5
1878,1878,281,3,1152.77,3458.31
1879,1879,76,3,106.79,320.37
1880,1880,140,2,155.75,311.5
1881,1881,223,3,107.35,322.05
1882,1882,158,1,657.63,657.63
1883,1883,131,2,203.35,406.7
1884,1884,16,2,37.07,74.14
1885,1885,465,2,159.92,319.84
1886,1886,328,2,112.13,224.26
1887,1887,191,2,352.26,704.52
1888,1888,331,3,231.79,695.37
1889,1889,438,1,61.15,61.15
1890,1890,203,2,391.72,783.44
1891,1891,280,3,309.51,928.53
1892,1892,46,1,144.0,144.0
1893,1893,279,3,95.18,285.54
1894,1894,75,3,779.64,2338.92
1895,1895,85,0,0.0,0.0
1896,1896,245,2,42.27,84.54
1897,1897,426,2,70.68,141.36
1898,1898,163,2,49.05,98.1
1899,1899,422,2,437.54,875.08
1900,1900,348,2,13.09,26.18
1901,1901,272,2,156.5,313.0
1902,1902,205,3,241.38,724.14
1903,1903,477,1,478.66,478.66
1904,1904,204,0,0.0,0.0
1905,1905,155,3,102.7,308.1
1906,1906,67,1,16.73,16.73
1907,1907,121,3,21.45,64.35
1908,1908,247,0,0.0,0.0
1909,1909,82,0,0.0,0.0
1910,1910,465,2,159.92,319.84
1911,1911,405,3,431.5,1294.5
1912,1912,444,1,304.44,304.44
1913,1913,266,0,0.0,0.0
1914,1914,329,2,53.98,107.96
1915,1915,342,1,46.45,46.45
1916,1916,10,0,0.0,0.0
1917,1917,272,1,156.5,156.5
1918,1918,390,2,94.27,188.54
1919,1919,477,2,478.66,957.32
1920,1920,487,2,64.81,129.62
1921,1921,331,2,231.79,463.58
1922,1922,302,0,0.0,0.0
1923,1923,456,2,79.09,158.18
1924,1924,315,3,964.78,2894.34
1925,1925,405,2,431.5,863.0
1926,1926,255,2,40.99,81.98
1927,1927,395,1,97.91,97.91
1928,1928,240,2,58.81,117.62
1929,1929,74,1,15.07,15.07
1930,1930,374,0,0.0,0.0
1931,1931,311,2,188.92,377.84
1932,1932,432,2,130.65,261.3
1933,1933,364,2,91.17,182.34
1934,1934,67,1,16.73,16.73
1935,1935,182,2,28.83,57.66
1936,1936,324,1,36.76,36.76
1937,1937,189,1,101.51,101.51
1938,1938,93,2,112.27,224.54
1939,1939,237,0,0.0,0.0
1940,1940,245,2,42.27,84.54
1941,1941,346,3,223.43,670.29
1942,1942,434,1,567.12,567.12
1943,1943,207,2,1164.08,2328.16
1944,1944,70,0,0.0,0.0
1945,1945,429,1,206.8,206.8
1946,1946,497,1,230.7,230.7
1947,1947,271,1,222.83,222.83
1948,1948,374,2,556.19,1112.38
1949,1949,218,0,0.0,0.0
1950,1950,199,0,0.0,0.0
1951,1951,110,1,36.58,36.58
1952,1952,154,2,139.75,279.5
1953,1953,64,3,64.05,192.15
1954,1954,348,1,13.09,13.09
1955,1955,151,1,1088.04,1088.04
1956,1956,274,3,50.63,151.89
1957,1957,449,1,414.85,414.85
1958,1958,33,2,9.87,19.74
1959,1959,154,0,0.0,0.0
1960,1960,201,2,9.61,19.22
1961,1961,306,1,458.92,458.92
1962,1962,433,2,1107.73,2215.46
1963,1963,195,2,66.84,133.68
1964,1964,345,2,274.83,549.66
1965,1965,484,2,69.46,138.92
1966,1966,239,1,730.1,730.1
1967,1967,69,2,695.07,1390.14
1968,1968,307,3,42.41,127.23
1969,1969,119,0,0.0,0.0
1970,1970,113,2,126.62,253.24
1971,1971,435,3,263.09,789.27
1972,1972,266,3,292.32,876.96
1973,1973,470,2,39.31,78.62
1974,1974,228,3,64.2,192.6
1975,1975,32,3,59.15,177.45
1976,1976,450,3,324.21,972.63
1977,1977,197,1,71.01,71.01
1978,1978,164,3,109.28,327.84
1979,1979,321,1,33.65,33.65
1980,1980,18,3,43.9,131.7
1981,1981,229,0,0.0,0.0
1982,1982,417,3,456.77,1370.31
1983,1983,31,2,77.11,154.22
1984,1984,111,1,131.83,131.83
1985,1985,261,0,0.0,0.0
1986,1986,52,2,14.27,28.54
1987,1987,497,2,230.7,461.4
1988,1988,375,2,46.29,92.58
1989,1989,308,2,42.93,85.86
1990,1990,421,0,0.0,0.0
1991,1991,88,1,221.56,221.56
1992,1992,347,3,52.24,156.72
1993,1993,320,2,77.79,155.58
1994,1994,322,0,0.0,0.0
1995,1995,128,1,767.62,767.62
1996,1996,215,3,104.74,314.22
1997,1997,211,1,277.4,277.4
1998,1998,427,0,0.0,0.0
1999,1999,342,0,0.0,0.0
2000,2000,376,0,0.0,0.0
